az,el,[0],[7],[8],[11],[13],[15],[23],[23]
-0.5,0.0,"0.2152034342288971,0.1986333280801773,-0.7398178577423096","0.26352787017822266,0.1726212501525879,-0.25951775908470154","0.13149422407150269,0.1497197151184082,-0.3500290513038635","0.3625465929508209,0.5549619793891907,-0.09325847029685974","0.5965926647186279,0.5968915820121765,-0.3216158449649811","0.8266774415969849,0.6098702549934387,-0.9139919281005859","0.3594524562358856,1.4522171020507812,0.10049506276845932","0.3594524562358856,1.4522171020507812,0.10049506276845932"
-0.5,0.0,"0.2174789160490036,0.1986306756734848,-0.6832038760185242","0.26189202070236206,0.1721617579460144,-0.19200071692466736","0.13213637471199036,0.14964449405670166,-0.3065069913864136","0.3638036549091339,0.5549620389938354,-0.030561724677681923","0.5966169238090515,0.5890831351280212,-0.3213832378387451","0.8266631364822388,0.6046941876411438,-1.0149385929107666","0.36261045932769775,1.4555926322937012,0.10264746844768524","0.36261045932769775,1.4555926322937012,0.10264746844768524"
-0.5,0.0,"0.21988514065742493,0.19862951338291168,-0.6716799736022949","0.2609645128250122,0.1713663935661316,-0.18818780779838562","0.13261857628822327,0.14955900609493256,-0.3092729449272156","0.3639809489250183,0.5548899173736572,-0.022891560569405556","0.5956956148147583,0.5858806371688843,-0.28458595275878906","0.8268631100654602,0.6011500954627991,-0.9745097160339355","0.36556559801101685,1.4597907066345215,0.10919209569692612","0.36556559801101685,1.4597907066345215,0.10919209569692612"
-0.5,0.0,"0.2206393927335739,0.1985216736793518,-0.6753660440444946","0.25996696949005127,0.1709996908903122,-0.20055726170539856","0.1328713595867157,0.1495548039674759,-0.31393957138061523","0.37121400237083435,0.5557299852371216,-0.03322402760386467","0.6090145111083984,0.5848012566566467,-0.36908453702926636","0.8300682306289673,0.5984736084938049,-1.1084345579147339","0.36583060026168823,1.4732388257980347,0.10692546516656876","0.36583060026168823,1.4732388257980347,0.10692546516656876"
-0.5,0.0,"0.22181005775928497,0.1985509842634201,-0.6656009554862976","0.2598373293876648,0.17134401202201843,-0.16483083367347717","0.13406845927238464,0.14949147403240204,-0.2579251229763031","0.37165409326553345,0.5572261214256287,0.0004556594358291477","0.6099562048912048,0.5838803052902222,-0.2762353718280792","0.832849383354187,0.5976641774177551,-0.9397300481796265","0.3561307489871979,1.4821267127990723,0.10159927606582642","0.3561307489871979,1.4821267127990723,0.10159927606582642"
-0.5,0.0,"0.22574444115161896,0.19869311153888702,-0.5438627004623413","0.2611525058746338,0.17179256677627563,-0.07678757607936859","0.13677942752838135,0.14965824782848358,-0.17664673924446106","0.3729414939880371,0.5596039295196533,0.03646344318985939","0.6098326444625854,0.584225058555603,-0.2805369198322296","0.8320204615592957,0.5987112522125244,-0.9431549906730652","0.351815402507782,1.4929629564285278,0.09615151584148407","0.351815402507782,1.4929629564285278,0.09615151584148407"
-0.5,0.0,"0.22745633125305176,0.2021707147359848,-0.5799649953842163","0.2631942629814148,0.17653393745422363,-0.1094958633184433","0.13996146619319916,0.1505739986896515,-0.19799768924713135","0.3729361891746521,0.5663992762565613,0.029014691710472107","0.6099097728729248,0.5902469158172607,-0.2277306616306305","0.8322011828422546,0.6014374494552612,-0.866247832775116","0.34298378229141235,1.504774808883667,0.09439544379711151","0.34298378229141235,1.504774808883667,0.09439544379711151"
-0.5,0.0,"0.22921347618103027,0.20710863173007965,-0.6077917218208313","0.2651157081127167,0.18246053159236908,-0.12991471588611603","0.14131540060043335,0.15357652306556702,-0.23210036754608154","0.3728996515274048,0.5832542777061462,0.002866394119337201","0.6051664352416992,0.5943971276283264,-0.24467401206493378","0.8317289352416992,0.608742356300354,-0.8801931142807007","0.33645927906036377,1.5327582359313965,0.0945127010345459","0.33645927906036377,1.5327582359313965,0.0945127010345459"
-0.5,0.0,"0.22906431555747986,0.2089766412973404,-0.6206129789352417","0.26825740933418274,0.18445733189582825,-0.14039486646652222","0.14124435186386108,0.15412688255310059,-0.23622851073741913","0.37369194626808167,0.5826566219329834,0.01628662645816803","0.6042218804359436,0.5967035889625549,-0.19797837734222412","0.8316546678543091,0.6096102595329285,-0.8353625535964966","0.3341081440448761,1.5398966073989868,0.09367205202579498","0.3341081440448761,1.5398966073989868,0.09367205202579498"
-0.5,0.0,"0.22542309761047363,0.22258508205413818,-0.5971837639808655","0.2674095332622528,0.19513392448425293,-0.10995267331600189","0.14012852311134338,0.18348582088947296,-0.18011704087257385","0.3753402829170227,0.5841012597084045,0.025764990597963333","0.6041639447212219,0.6001747846603394,-0.21652376651763916","0.8386722803115845,0.6092963218688965,-0.8591303825378418","0.3349650204181671,1.5360718965530396,0.08902036398649216","0.3349650204181671,1.5360718965530396,0.08902036398649216"
-0.5,0.0,"0.22123506665229797,0.24117600917816162,-0.6550344228744507","0.2652771472930908,0.20062656700611115,-0.17411375045776367","0.13586951792240143,0.203963041305542,-0.19377443194389343","0.37769871950149536,0.5835332870483398,-0.02072465606033802","0.606093168258667,0.6004597544670105,-0.29488882422447205","0.8388339281082153,0.608852207660675,-0.9891034364700317","0.3355172574520111,1.532305359840393,0.08190248161554337","0.3355172574520111,1.532305359840393,0.08190248161554337"
-0.5,0.0,"0.20031651854515076,0.24094803631305695,-0.6102241277694702","0.2602904438972473,0.20742297172546387,-0.14971870183944702","0.1302110254764557,0.21228069067001343,-0.1369936168193817","0.3789501190185547,0.5830795168876648,-0.020811405032873154","0.6097596883773804,0.6000148057937622,-0.363480806350708","0.8410240411758423,0.6017441749572754,-1.091553807258606","0.33644479513168335,1.5191067457199097,0.05375336483120918","0.33644479513168335,1.5191067457199097,0.05375336483120918"
-0.5,0.0,"0.19285675883293152,0.22810567915439606,-0.571938157081604","0.2550070583820343,0.20397531986236572,-0.1501741111278534","0.12659916281700134,0.20889030396938324,-0.09046638756990433","0.3801119327545166,0.5769608616828918,-0.03754735738039017","0.6095967292785645,0.6011558771133423,-0.33956167101860046","0.8403929471969604,0.6000497937202454,-1.0320653915405273","0.330899178981781,1.5173163414001465,-0.01462515164166689","0.330899178981781,1.5173163414001465,-0.01462515164166689"
-0.5,0.0,"0.1795821636915207,0.20940670371055603,-0.6329500079154968","0.2502581477165222,0.18428179621696472,-0.25188398361206055","0.12148010730743408,0.20840756595134735,-0.14012649655342102","0.382968008518219,0.5768678188323975,-0.15743635594844818","0.6093447804450989,0.6010634303092957,-0.49917086958885193","0.8402585983276367,0.5994314551353455,-1.2461941242218018","0.32677555084228516,1.5258175134658813,-0.04402805492281914","0.32677555084228516,1.5258175134658813,-0.04402805492281914"
-0.5,0.0,"0.1725967973470688,0.20763511955738068,-0.5965884327888489","0.24738097190856934,0.18295805156230927,-0.23939470946788788","0.12100747972726822,0.20571261644363403,-0.09418521821498871","0.38350266218185425,0.5767155289649963,-0.1235952153801918","0.6072301268577576,0.5984530448913574,-0.5021869540214539","0.8389660716056824,0.5976104140281677,-1.3072600364685059","0.3239980936050415,1.5268856287002563,-0.03983280435204506","0.3239980936050415,1.5268856287002563,-0.03983280435204506"
-0.5,0.0,"0.17414453625679016,0.21072742342948914,-0.6444599032402039","0.24644994735717773,0.18558169901371002,-0.24867114424705505","0.12103915214538574,0.20761917531490326,-0.11748950183391571","0.3837408125400543,0.5768887400627136,-0.15157414972782135","0.6071439981460571,0.5994791388511658,-0.510494589805603","0.8393959999084473,0.5918306708335876,-1.2744839191436768","0.325106143951416,1.5265867710113525,-0.062373317778110504","0.325106143951416,1.5265867710113525,-0.062373317778110504"
-0.5,0.0,"0.1772066205739975,0.21121376752853394,-0.56993168592453","0.24676387012004852,0.18764479458332062,-0.1384599804878235","0.1212913990020752,0.20907902717590332,-0.06458406150341034","0.38374075293540955,0.5765730142593384,-0.06285640597343445","0.6031440496444702,0.5989739894866943,-0.32579880952835083","0.839377760887146,0.5886327624320984,-1.003711462020874","0.3263244032859802,1.5262540578842163,-0.050269436091184616","0.3263244032859802,1.5262540578842163,-0.050269436091184616"
-0.5,0.0,"0.18730802834033966,0.22075463831424713,-0.5337055921554565","0.2470230758190155,0.19355547428131104,-0.0722946971654892","0.12216494232416153,0.21317040920257568,-0.043761637061834335","0.38590002059936523,0.5765354633331299,-0.011002878658473492","0.6030813455581665,0.5965757369995117,-0.3356144428253174","0.8419946432113647,0.5839515328407288,-1.095578908920288","0.3325503468513489,1.5255435705184937,-0.03808547928929329","0.3325503468513489,1.5255435705184937,-0.03808547928929329"
-0.5,0.0,"0.19177089631557465,0.22535237669944763,-0.5446738600730896","0.24755270779132843,0.1951511651277542,-0.10450917482376099","0.12319604307413101,0.2148306518793106,-0.07591603696346283","0.38731008768081665,0.5764822363853455,-0.021509967744350433","0.6028154492378235,0.5963984727859497,-0.341605007648468","0.8429912328720093,0.5833324193954468,-1.102325677871704","0.33293965458869934,1.5232034921646118,-0.035061586648225784","0.33293965458869934,1.5232034921646118,-0.035061586648225784"
-0.5,0.0,"0.1954803615808487,0.22710853815078735,-0.40106138586997986","0.24882355332374573,0.19710811972618103,0.02923109568655491","0.12497369199991226,0.21594804525375366,0.06056695431470871","0.38915011286735535,0.5758923888206482,0.07769633829593658","0.602613091468811,0.5965785980224609,-0.2410159409046173","0.842963695526123,0.5828009843826294,-0.9690093994140625","0.3361580967903137,1.510882019996643,-0.03239934891462326","0.3361580967903137,1.510882019996643,-0.03239934891462326"
-0.5,0.0,"0.19744721055030823,0.2285700887441635,-0.47629785537719727","0.25027015805244446,0.19844219088554382,-0.035483624786138535","0.12593436241149902,0.21631819009780884,-0.0014212412061169744","0.38981691002845764,0.5749617218971252,0.0370129719376564","0.6035043001174927,0.5975375175476074,-0.28044241666793823","0.843359649181366,0.5822361707687378,-1.0073966979980469","0.3376806378364563,1.5096380710601807,-0.03132336959242821","0.3376806378364563,1.5096380710601807,-0.03132336959242821"
-0.5,0.0,"0.19974376261234283,0.2304813414812088,-0.46130800247192383","0.25087878108024597,0.19949141144752502,-0.03666769713163376","0.12639762461185455,0.21622318029403687,-0.007119613699615002","0.39029332995414734,0.5743566155433655,0.03923339396715164","0.6032737493515015,0.5968834161758423,-0.24324385821819305","0.8434368968009949,0.580463707447052,-0.9198017120361328","0.337855726480484,1.5081192255020142,-0.03013646975159645","0.337855726480484,1.5081192255020142,-0.03013646975159645"
-0.5,0.0,"0.2023065835237503,0.23321744799613953,-0.5225040912628174","0.2516873776912689,0.2013620138168335,-0.044667910784482956","0.12682101130485535,0.21679839491844177,-0.036133039742708206","0.3904058635234833,0.5746064782142639,0.029090721160173416","0.6029992699623108,0.5969210863113403,-0.27791735529899597","0.8430992364883423,0.5788392424583435,-1.0604274272918701","0.3381757140159607,1.5104105472564697,-0.027163740247488022","0.3381757140159607,1.5104105472564697,-0.027163740247488022"
-0.25,0.0,"0.2666122615337372,0.21532289683818817,-0.41062575578689575","0.30327093601226807,0.18849042057991028,0.10039009153842926","0.17061981558799744,0.18481501936912537,-0.047057218849658966","0.4004710614681244,0.5758517980575562,0.285031259059906","0.6087841987609863,0.59907466173172,-0.0643734335899353","0.8913148045539856,0.5558918118476868,-0.8525325059890747","0.35873258113861084,1.5149009227752686,0.131205752491951","0.35873258113861084,1.5149009227752686,0.131205752491951"
-0.25,0.0,"0.28250470757484436,0.2041655033826828,-0.39950236678123474","0.3186330497264862,0.18000757694244385,0.11410083621740341","0.18460527062416077,0.16707207262516022,-0.08412346243858337","0.40787243843078613,0.5771054029464722,0.3223634362220764","0.610828697681427,0.5992376208305359,-0.021512340754270554","0.8991260528564453,0.553014874458313,-0.81889808177948","0.36650317907333374,1.5170975923538208,0.17187121510505676","0.36650317907333374,1.5170975923538208,0.17187121510505676"
-0.25,0.0,"0.285054475069046,0.20201152563095093,-0.2828635275363922","0.32236942648887634,0.17885161936283112,0.20840351283550262","0.19018329679965973,0.16084294021129608,-0.029031828045845032","0.40818873047828674,0.579060435295105,0.400947630405426","0.6141839027404785,0.5992264151573181,0.0908624604344368","0.8997880220413208,0.5437108278274536,-0.6694015860557556","0.36989131569862366,1.5165482759475708,0.18573430180549622","0.36989131569862366,1.5165482759475708,0.18573430180549622"
-0.25,0.0,"0.29327207803726196,0.2011447250843048,-0.16620619595050812","0.3223188519477844,0.1792289763689041,0.28810176253318787","0.19580808281898499,0.16168050467967987,0.0379742756485939","0.4073934555053711,0.5798341035842896,0.45897793769836426","0.6152385473251343,0.5993634462356567,0.2561257481575012","0.8999553918838501,0.5384121537208557,-0.35184699296951294","0.37259113788604736,1.5165280103683472,0.18671587109565735","0.37259113788604736,1.5165280103683472,0.18671587109565735"
-0.25,0.0,"0.2949830889701843,0.20083120465278625,-0.27032390236854553","0.3232826590538025,0.17934316396713257,0.24084734916687012","0.1980976164340973,0.16219764947891235,0.01021282933652401","0.4075757563114166,0.5800097584724426,0.4510025084018707","0.6189926862716675,0.6000742316246033,0.22192950546741486","0.9025044441223145,0.5375296473503113,-0.5016001462936401","0.3767654299736023,1.516444444656372,0.19008156657218933","0.3767654299736023,1.516444444656372,0.19008156657218933"
-0.25,0.0,"0.2958112955093384,0.19891147315502167,-0.21521489322185516","0.3250739872455597,0.17923566699028015,0.30530837178230286","0.2010118067264557,0.1600438356399536,0.07959195971488953","0.4096977710723877,0.5801367163658142,0.44345664978027344","0.6195486187934875,0.604908287525177,0.19966019690036774","0.9028598666191101,0.5384793877601624,-0.4484614431858063","0.37446463108062744,1.4974474906921387,0.1731354147195816","0.37446463108062744,1.4974474906921387,0.1731354147195816"
-0.25,0.0,"0.294192373752594,0.19898785650730133,-0.27819424867630005","0.3281061053276062,0.17991258203983307,0.23022933304309845","0.2047117054462433,0.16029465198516846,0.06211784482002258","0.4131619334220886,0.580595850944519,0.41116565465927124","0.6232146620750427,0.6108981370925903,0.09892933070659637","0.9071457982063293,0.5395618677139282,-0.5257641673088074","0.3735637366771698,1.4849975109100342,0.12191008031368256","0.3735637366771698,1.4849975109100342,0.12191008031368256"
-0.25,0.0,"0.29240262508392334,0.2013043463230133,-0.5119197368621826","0.3310520052909851,0.18034929037094116,0.01886512152850628","0.2035750448703766,0.1662340760231018,-0.05934321880340576","0.41639503836631775,0.5850794315338135,0.142099529504776","0.622864842414856,0.6108007431030273,-0.2954970598220825","0.9057159423828125,0.5430338382720947,-1.1129335165023804","0.35995009541511536,1.5010135173797607,0.08712246268987656","0.35995009541511536,1.5010135173797607,0.08712246268987656"
-0.25,0.0,"0.2926331162452698,0.21271347999572754,-0.5047866702079773","0.3290333151817322,0.18687821924686432,0.027023199945688248","0.20277993381023407,0.17522090673446655,-0.0830826386809349","0.41586533188819885,0.5877318382263184,0.17374666035175323","0.6232300996780396,0.6117214560508728,-0.23672834038734436","0.9038983583450317,0.543187141418457,-0.8052295446395874","0.3563421070575714,1.5039267539978027,0.08954935520887375","0.3563421070575714,1.5039267539978027,0.08954935520887375"
-0.25,0.0,"0.2915378212928772,0.23038512468338013,-0.4806646406650543","0.3271915316581726,0.1993541121482849,0.03105532005429268","0.20186710357666016,0.1986258327960968,-0.08343908190727234","0.41730695962905884,0.5926065444946289,0.18271133303642273","0.6232125163078308,0.6103823184967041,-0.1561334878206253","0.9023367762565613,0.5424003005027771,-0.8915613889694214","0.3573107123374939,1.500858187675476,0.09080278128385544","0.3573107123374939,1.500858187675476,0.09080278128385544"
-0.25,0.0,"0.29013440012931824,0.23849673569202423,-0.5284074544906616","0.32596248388290405,0.20622649788856506,-0.04649517685174942","0.20106029510498047,0.21540305018424988,-0.14347156882286072","0.41722434759140015,0.5933609008789062,0.12737032771110535","0.6200552582740784,0.6106863617897034,-0.16314974427223206","0.8870457410812378,0.5421497225761414,-0.8937026858329773","0.36719080805778503,1.4834591150283813,0.09190826117992401","0.36719080805778503,1.4834591150283813,0.09190826117992401"
-0.25,0.0,"0.2876516878604889,0.24534566700458527,-0.49393194913864136","0.32512593269348145,0.21296755969524384,-0.01879708841443062","0.20030060410499573,0.22703149914741516,-0.11464341729879379","0.41696804761886597,0.5939316153526306,0.13129714131355286","0.6134674549102783,0.609341025352478,-0.08543507009744644","0.8733404874801636,0.539721667766571,-0.6430429220199585","0.36930912733078003,1.4806182384490967,0.08901304751634598","0.36930912733078003,1.4806182384490967,0.08901304751634598"
-0.25,0.0,"0.2854774594306946,0.25244566798210144,-0.46200957894325256","0.32473400235176086,0.22591690719127655,-0.0054407017305493355","0.19981518387794495,0.23240087926387787,-0.059668730944395065","0.416812002658844,0.5983415842056274,0.14918529987335205","0.6115108728408813,0.6076258420944214,-0.1632159799337387","0.8669019937515259,0.5205678939819336,-0.8995424509048462","0.369467556476593,1.4781272411346436,0.08194969594478607","0.369467556476593,1.4781272411346436,0.08194969594478607"
-0.25,0.0,"0.2807956039905548,0.25378987193107605,-0.49658507108688354","0.3231477737426758,0.23394161462783813,-0.04107831418514252","0.19952508807182312,0.23502737283706665,-0.10279636085033417","0.4159834384918213,0.6020163893699646,0.08958511799573898","0.6114929914474487,0.6068931818008423,-0.22652986645698547","0.8597487211227417,0.5036354660987854,-0.9463280439376831","0.36920061707496643,1.479027509689331,0.07846935838460922","0.36920061707496643,1.479027509689331,0.07846935838460922"
-0.25,0.0,"0.27901607751846313,0.255304217338562,-0.341492235660553","0.31961584091186523,0.23924857378005981,0.10052422434091568","0.19886524975299835,0.23671048879623413,0.0362723208963871","0.4135921895503998,0.6028990745544434,0.16113987565040588","0.6110861897468567,0.6002979278564453,-0.1381237655878067","0.8534033894538879,0.4947466552257538,-0.8230644464492798","0.3685120940208435,1.4770092964172363,0.0658893883228302","0.3685120940208435,1.4770092964172363,0.0658893883228302"
-0.25,0.0,"0.27272993326187134,0.2565109133720398,-0.2892351746559143","0.3163755238056183,0.24441508948802948,0.17125645279884338","0.19798824191093445,0.2389553040266037,0.10595355927944183","0.4090659022331238,0.6034594178199768,0.2315944880247116","0.6045046448707581,0.5972676277160645,-0.06723933666944504","0.8485393524169922,0.4919118583202362,-0.7714425921440125","0.36829429864883423,1.4733480215072632,0.05999115854501724","0.36829429864883423,1.4733480215072632,0.05999115854501724"
-0.25,0.0,"0.2674069404602051,0.25593996047973633,-0.3075528144836426","0.3142768442630768,0.24465516209602356,0.14871110022068024","0.19577856361865997,0.23862408101558685,0.0827401727437973","0.40801891684532166,0.6036604642868042,0.22199396789073944","0.6068648099899292,0.5893971920013428,-0.12381274998188019","0.8481386303901672,0.47941869497299194,-0.8917322158813477","0.36397069692611694,1.4756791591644287,0.05271727591753006","0.36397069692611694,1.4756791591644287,0.05271727591753006"
-0.25,0.0,"0.26306939125061035,0.2553873658180237,-0.31948354840278625","0.3126940131187439,0.24601760506629944,0.13541801273822784","0.1928308606147766,0.23817408084869385,0.053816914558410645","0.40737462043762207,0.6040200591087341,0.21830610930919647","0.6061496138572693,0.5870398879051208,-0.1590718775987625","0.8460419774055481,0.4739612638950348,-0.9143470525741577","0.36401253938674927,1.4766533374786377,0.0653524175286293","0.36401253938674927,1.4766533374786377,0.0653524175286293"
-0.25,0.0,"0.2613440155982971,0.2553391456604004,-0.40334001183509827","0.31155529618263245,0.24662239849567413,0.03389225900173187","0.19136841595172882,0.23816411197185516,-0.01075050700455904","0.40737754106521606,0.6047037839889526,0.10094758123159409","0.6079939603805542,0.5843200087547302,-0.24070999026298523","0.8473013043403625,0.47509765625,-0.9698489904403687","0.3643692135810852,1.4834085702896118,0.05363570526242256","0.3643692135810852,1.4834085702896118,0.05363570526242256"
-0.25,0.0,"0.2608347237110138,0.25548696517944336,-0.43026047945022583","0.3111806809902191,0.24642997980117798,0.0005356283509172499","0.19025829434394836,0.23806914687156677,-0.0649569183588028","0.40737929940223694,0.6060404181480408,0.0822322815656662","0.6221603751182556,0.5780660510063171,-0.3100492060184479","0.8512555360794067,0.4706570506095886,-1.0875364542007446","0.3643396198749542,1.4939848184585571,0.05597420781850815","0.3643396198749542,1.4939848184585571,0.05597420781850815"
-0.25,0.0,"0.2595558762550354,0.25537899136543274,-0.42312321066856384","0.30942007899284363,0.24588234722614288,0.012194219045341015","0.18931487202644348,0.23783884942531586,-0.04419826343655586","0.4074571132659912,0.6028140783309937,0.07359402626752853","0.6201298832893372,0.5784032344818115,-0.2672586739063263","0.8515617251396179,0.47174444794654846,-1.014044165611267","0.3636203408241272,1.4930243492126465,0.021548451855778694","0.3636203408241272,1.4930243492126465,0.021548451855778694"
-0.25,0.0,"0.25882232189178467,0.25526487827301025,-0.30644291639328003","0.3080065846443176,0.24552291631698608,0.13970205187797546","0.18837487697601318,0.23760530352592468,0.06957022845745087","0.4065924286842346,0.5950050950050354,0.20276811718940735","0.6143766045570374,0.5795387029647827,-0.04307932406663895","0.8503460884094238,0.473224014043808,-0.6934916377067566","0.36412903666496277,1.485438346862793,0.028130244463682175","0.36412903666496277,1.485438346862793,0.028130244463682175"
-0.25,0.0,"0.2589114308357239,0.25517892837524414,-0.4080783724784851","0.307839959859848,0.2451726347208023,0.01947704143822193","0.1880984753370285,0.23742970824241638,-0.030128303915262222","0.40659505128860474,0.5951104760169983,0.09771399945020676","0.6131095290184021,0.5789781808853149,-0.17654740810394287","0.8503087759017944,0.4741567075252533,-0.8502467274665833","0.3638725280761719,1.4883254766464233,0.03413959965109825","0.3638725280761719,1.4883254766464233,0.03413959965109825"
0.0,0.0,"0.343797892332077,0.24682211875915527,-0.10307829082012177","0.37117430567741394,0.2237035483121872,0.34646230936050415","0.25442737340927124,0.23260293900966644,0.046772245317697525","0.4154636859893799,0.5671502947807312,0.49199333786964417","0.5381084680557251,0.6143401861190796,-0.09690938889980316","0.6204618811607361,0.47015708684921265,-1.0234266519546509","0.4250431954860687,1.4549403190612793,0.21582071483135223","0.4250431954860687,1.4549403190612793,0.21582071483135223"
0.0,0.0,"0.3616147041320801,0.24326187372207642,0.03173667564988136","0.38699519634246826,0.22213926911354065,0.4818737506866455","0.2728644013404846,0.22746208310127258,0.1663949191570282","0.4268549978733063,0.550948441028595,0.557054877281189","0.5310472846031189,0.6311700344085693,-0.21134772896766663","0.5855250358581543,0.46325424313545227,-1.320823311805725","0.42957139015197754,1.4447076320648193,0.24820561707019806","0.42957139015197754,1.4447076320648193,0.24820561707019806"
0.0,0.0,"0.35845455527305603,0.23484791815280914,-0.08220376819372177","0.3921971917152405,0.21488657593727112,0.36289268732070923","0.27687302231788635,0.22286556661128998,0.17521443963050842","0.43528956174850464,0.5440080761909485,0.47317472100257874","0.5336493849754333,0.6406382918357849,-0.14969393610954285","0.58070307970047,0.4350781738758087,-1.0372587442398071","0.43498101830482483,1.438199520111084,0.18915808200836182","0.43498101830482483,1.438199520111084,0.18915808200836182"
0.0,0.0,"0.35607975721359253,0.2302367091178894,-0.14151108264923096","0.38896486163139343,0.2063448131084442,0.30411916971206665","0.27256736159324646,0.21875852346420288,0.13315241038799286","0.4370157718658447,0.527832567691803,0.432433545589447","0.5424018502235413,0.6382367610931396,-0.14084471762180328","0.586290717124939,0.4368409514427185,-1.0269290208816528","0.43748679757118225,1.4308663606643677,0.19017687439918518","0.43748679757118225,1.4308663606643677,0.19017687439918518"
0.0,0.0,"0.3586472272872925,0.22549735009670258,-0.1179284080862999","0.3909299373626709,0.1997910588979721,0.3400188684463501","0.2718854546546936,0.21606451272964478,0.11356848478317261","0.43797391653060913,0.5326851010322571,0.4749603271484375","0.5440852642059326,0.6547702550888062,-0.12000330537557602","0.5932239890098572,0.43765097856521606,-1.0163710117340088","0.4367694854736328,1.4312186241149902,0.2072758972644806","0.4367694854736328,1.4312186241149902,0.2072758972644806"
0.0,0.0,"0.3613337576389313,0.22617365419864655,-0.13691169023513794","0.3934681713581085,0.20072506368160248,0.3099561929702759","0.2765294909477234,0.21600112318992615,0.10211912542581558","0.4437946379184723,0.5335631370544434,0.39920514822006226","0.5463749170303345,0.6386079788208008,-0.3539113700389862","0.592562735080719,0.44918712973594666,-1.3112508058547974","0.4330611228942871,1.4342892169952393,0.20658206939697266","0.4330611228942871,1.4342892169952393,0.20658206939697266"
0.0,0.0,"0.35772186517715454,0.2332155406475067,-0.1352177858352661","0.39374977350234985,0.2160702347755432,0.30568116903305054","0.2773663103580475,0.22170870006084442,0.2324347198009491","0.45038270950317383,0.5533356666564941,0.32858771085739136","0.5479903221130371,0.631933331489563,-0.4290125370025635","0.5954825282096863,0.4495047628879547,-1.477762222290039","0.4240058958530426,1.4134992361068726,0.05089762806892395","0.4240058958530426,1.4134992361068726,0.05089762806892395"
0.0,0.0,"0.35502541065216064,0.24578070640563965,-0.15376634895801544","0.39508339762687683,0.23416824638843536,0.24352984130382538","0.28015702962875366,0.2369653731584549,0.17897573113441467","0.4545380473136902,0.5620717406272888,0.19425173103809357","0.5456488132476807,0.6222752332687378,-0.6341999173164368","0.6074585318565369,0.4835749864578247,-1.738559365272522","0.4230087399482727,1.4171333312988281,0.022912506014108658","0.4230087399482727,1.4171333312988281,0.022912506014108658"
0.0,0.0,"0.3548837900161743,0.27182239294052124,-0.24995949864387512","0.3967740833759308,0.2547966539859772,0.11007829755544662","0.28353866934776306,0.2514108121395111,0.046819135546684265","0.45344749093055725,0.5692830681800842,0.1331074833869934","0.5468190908432007,0.6015760898590088,-0.48033326864242554","0.6123946905136108,0.48321422934532166,-1.4136810302734375","0.42258420586586,1.4193333387374878,0.03673429414629936","0.42258420586586,1.4193333387374878,0.03673429414629936"
0.0,0.0,"0.35376235842704773,0.28872817754745483,-0.2918267846107483","0.39614740014076233,0.2618921995162964,0.07912247627973557","0.2822479009628296,0.27028152346611023,-0.009728634729981422","0.45436376333236694,0.5707342624664307,0.08519573509693146","0.5414367318153381,0.5872275233268738,-0.665092945098877","0.5975901484489441,0.48340123891830444,-1.7229652404785156","0.4253997206687927,1.4395546913146973,0.04648724943399429","0.4253997206687927,1.4395546913146973,0.04648724943399429"
0.0,0.0,"0.35277241468429565,0.2934586703777313,-0.278358519077301","0.39484480023384094,0.2641400396823883,0.12187497317790985","0.28161075711250305,0.2773098349571228,0.017913395538926125","0.4549989700317383,0.572582483291626,0.11509382724761963","0.5383061170578003,0.5875944495201111,-0.7038394808769226","0.5844956636428833,0.48475557565689087,-1.80572509765625","0.4253646731376648,1.4430572986602783,0.050803352147340775","0.4253646731376648,1.4430572986602783,0.050803352147340775"
0.0,0.0,"0.35202378034591675,0.3082066476345062,-0.34970277547836304","0.3947209417819977,0.27365079522132874,-0.024314625188708305","0.2810649871826172,0.2903048098087311,-0.0555398166179657","0.4548223614692688,0.5715654492378235,0.0024201562628149986","0.5277742147445679,0.5854333639144897,-0.6047865152359009","0.5763959288597107,0.47764748334884644,-1.5812407732009888","0.4209133982658386,1.4155402183532715,0.003944254945963621","0.4209133982658386,1.4155402183532715,0.003944254945963621"
0.0,0.0,"0.3516663908958435,0.3157544434070587,-0.31097689270973206","0.39360231161117554,0.27950194478034973,0.04707520827651024","0.2828119397163391,0.29576727747917175,-0.05868970602750778","0.4545789361000061,0.5754668712615967,0.07851383090019226","0.524354100227356,0.5800735354423523,-0.6145220994949341","0.5727635622024536,0.46552303433418274,-1.6052147150039673","0.4269949495792389,1.423224687576294,0.026616418734192848","0.4269949495792389,1.423224687576294,0.026616418734192848"
0.0,0.0,"0.3517240285873413,0.31341925263404846,-0.2116842269897461","0.39313268661499023,0.27859580516815186,0.11205216497182846","0.2831174433231354,0.294855535030365,0.054764967411756516","0.45413798093795776,0.574974536895752,0.11152620613574982","0.5238198041915894,0.5629148483276367,-0.5840887427330017","0.5626276731491089,0.44151216745376587,-1.5786105394363403","0.42605137825012207,1.4042518138885498,0.024270059540867805","0.42605137825012207,1.4042518138885498,0.024270059540867805"
0.0,0.0,"0.35234421491622925,0.3101884722709656,-0.21629133820533752","0.3924080729484558,0.2770441174507141,0.11004277318716049","0.282694548368454,0.2931217551231384,0.051626842468976974","0.4524819254875183,0.5758743286132812,0.06334788352251053","0.5230032205581665,0.5645347833633423,-0.7239196300506592","0.5597772002220154,0.43157318234443665,-1.7424886226654053","0.4209827482700348,1.4080896377563477,0.017754709348082542","0.4209827482700348,1.4080896377563477,0.017754709348082542"
0.0,0.0,"0.3532004654407501,0.30818647146224976,-0.1939162313938141","0.3918679356575012,0.276027113199234,0.11274464428424835","0.2834654748439789,0.2916257977485657,0.05766161531209946","0.4519504904747009,0.5758756995201111,0.07631765305995941","0.5232740640640259,0.5454829335212708,-0.6561465263366699","0.562383770942688,0.40938860177993774,-1.6347423791885376","0.41661086678504944,1.4079798460006714,0.01689198799431324","0.41661086678504944,1.4079798460006714,0.01689198799431324"
0.0,0.0,"0.3534547686576843,0.30724668502807617,-0.2026597559452057","0.3915592432022095,0.2752346396446228,0.11346683651208878","0.2832556366920471,0.29037636518478394,0.057290010154247284","0.45149198174476624,0.5759187340736389,0.07330898195505142","0.5248434543609619,0.5330314040184021,-0.7490679025650024","0.5599156022071838,0.399932324886322,-1.7951676845550537","0.4165636897087097,1.4113752841949463,0.022623945027589798","0.4165636897087097,1.4113752841949463,0.022623945027589798"
0.0,0.0,"0.35334768891334534,0.3103519678115845,-0.2127290964126587","0.389781653881073,0.2763496935367584,0.1009884849190712","0.2833606004714966,0.2928906977176666,0.042485661804676056","0.4513453543186188,0.5736404061317444,0.06433409452438354","0.5258209109306335,0.5356946587562561,-0.6938146352767944","0.5607385039329529,0.4059388041496277,-1.6882174015045166","0.41915544867515564,1.4126427173614502,0.023528587073087692","0.41915544867515564,1.4126427173614502,0.023528587073087692"
0.0,0.0,"0.3533177971839905,0.30965977907180786,-0.2154601514339447","0.38861560821533203,0.27599337697029114,0.10285039991140366","0.2832067608833313,0.2922324538230896,0.029576409608125687","0.4502585530281067,0.566481351852417,0.06682102382183075","0.5266419053077698,0.5363451838493347,-0.6409584283828735","0.5632860064506531,0.40643420815467834,-1.5902875661849976","0.418743759393692,1.4028984308242798,0.03252037614583969","0.418743759393692,1.4028984308242798,0.03252037614583969"
0.0,0.0,"0.35303807258605957,0.30946633219718933,-0.21782401204109192","0.38792282342910767,0.2757335603237152,0.1041465625166893","0.2832145392894745,0.292718768119812,0.029672842472791672","0.4490576684474945,0.5665563941001892,0.0862799882888794","0.5239943265914917,0.5380402207374573,-0.5554317235946655","0.5636743903160095,0.408217191696167,-1.4905622005462646","0.4172212481498718,1.3985321521759033,0.03339729830622673","0.4172212481498718,1.3985321521759033,0.03339729830622673"
0.0,0.0,"0.35301917791366577,0.30910056829452515,-0.24985501170158386","0.387511670589447,0.27561676502227783,0.09265007078647614","0.28339138627052307,0.29217371344566345,0.032295502722263336","0.4480050206184387,0.5689516067504883,0.05895744636654854","0.5264148116111755,0.5230410099029541,-0.7038793563842773","0.5645192265510559,0.4051256477832794,-1.6952053308486938","0.4164697527885437,1.4000787734985352,0.017621636390686035","0.4164697527885437,1.4000787734985352,0.017621636390686035"
0.0,0.0,"0.3529597222805023,0.30806082487106323,-0.23267872631549835","0.38736459612846375,0.2753794193267822,0.13663291931152344","0.2833492159843445,0.29181206226348877,0.08244989812374115","0.447242796421051,0.5690084099769592,0.09609103202819824","0.5217972993850708,0.5249271988868713,-0.6716416478157043","0.5608203411102295,0.4057152271270752,-1.6563894748687744","0.41207966208457947,1.400827169418335,0.020522985607385635","0.41207966208457947,1.400827169418335,0.020522985607385635"
0.0,0.0,"0.3535476624965668,0.3066059947013855,-0.1711100935935974","0.3870619535446167,0.27520543336868286,0.18420599400997162","0.2834521234035492,0.29094457626342773,0.1304672360420227","0.44627872109413147,0.5688040256500244,0.14613167941570282","0.5315007567405701,0.521409273147583,-0.601754903793335","0.5674601793289185,0.4056696593761444,-1.5894193649291992","0.4101899266242981,1.3749432563781738,0.022322984412312508","0.4101899266242981,1.3749432563781738,0.022322984412312508"
0.25,0.0,"0.4883389472961426,0.27020972967147827,-0.21091946959495544","0.5194154977798462,0.2384299784898758,0.09133805334568024","0.40628862380981445,0.24681924283504486,0.11167854070663452","0.5794960856437683,0.5116198062896729,-0.060595106333494186","0.4909527897834778,0.540858268737793,-0.5272752046585083","0.170315220952034,0.407673180103302,-0.7935951948165894","0.5361542105674744,1.3692901134490967,-0.0038047723937779665","0.5361542105674744,1.3692901134490967,-0.0038047723937779665"
0.25,0.0,"0.5051231980323792,0.2495679259300232,-0.09437143057584763","0.5358974933624268,0.22149142622947693,0.2380448579788208","0.4233030378818512,0.23037971556186676,0.27079588174819946","0.6057173609733582,0.5042264461517334,0.021956395357847214","0.46030884981155396,0.5468475818634033,-0.30818402767181396","0.13846102356910706,0.41398829221725464,-0.6207506060600281","0.5205311179161072,1.3516486883163452,-0.026519035920500755","0.5205311179161072,1.3516486883163452,-0.026519035920500755"
0.25,0.0,"0.5027066469192505,0.2462926059961319,-0.13742567598819733","0.5380955338478088,0.22192487120628357,0.12804587185382843","0.4229566156864166,0.21971113979816437,0.2174864560365677","0.5859285593032837,0.5120318531990051,-0.049000587314367294","0.4562026858329773,0.5589429140090942,-0.4285195767879486","0.1317571997642517,0.41665369272232056,-0.7376812696456909","0.5532639026641846,1.3306384086608887,-0.019808199256658554","0.5532639026641846,1.3306384086608887,-0.019808199256658554"
0.25,0.0,"0.5080780386924744,0.2494848519563675,-0.15711480379104614","0.5417214632034302,0.21938277781009674,0.050389934331178665","0.42942720651626587,0.2217177003622055,0.11416713893413544","0.5966066122055054,0.4981306195259094,-0.10390521585941315","0.46520549058914185,0.5587930679321289,-0.41643914580345154","0.1506333351135254,0.4164632260799408,-0.5965698957443237","0.5691089630126953,1.3101733922958374,-0.02053426206111908","0.5691089630126953,1.3101733922958374,-0.02053426206111908"
0.25,0.0,"0.5102443099021912,0.25167304277420044,-0.21265053749084473","0.5444828271865845,0.2220718115568161,0.06852704286575317","0.43494701385498047,0.21948783099651337,0.112712062895298","0.5951434373855591,0.5038073658943176,-0.04909505695104599","0.45688360929489136,0.5557117462158203,-0.41207313537597656","0.14479215443134308,0.41662871837615967,-0.6994324922561646","0.5540739893913269,1.319257378578186,-0.016144033521413803","0.5540739893913269,1.319257378578186,-0.016144033521413803"
0.25,0.0,"0.5155364871025085,0.2528573274612427,-0.360738068819046","0.5534852147102356,0.22391855716705322,-0.08224163204431534","0.44351595640182495,0.21442188322544098,-0.035856280475854874","0.608595073223114,0.5050538182258606,-0.18841515481472015","0.46082836389541626,0.5601088404655457,-0.5743661522865295","0.1603333204984665,0.42339083552360535,-0.833593487739563","0.5743380784988403,1.3268648386001587,-0.02137814834713936","0.5743380784988403,1.3268648386001587,-0.02137814834713936"
0.25,0.0,"0.5227820873260498,0.2569170296192169,-0.4085078239440918","0.564533531665802,0.23670457303524017,-0.11783277988433838","0.4521995484828949,0.21710525453090668,-0.06998138129711151","0.6019811034202576,0.5103009343147278,-0.20496252179145813","0.46637091040611267,0.5672341585159302,-0.5771005749702454","0.18043388426303864,0.42627251148223877,-0.9021618962287903","0.5882053375244141,1.3621923923492432,-0.03041020594537258","0.5882053375244141,1.3621923923492432,-0.03041020594537258"
0.25,0.0,"0.5321801900863647,0.2759265601634979,-0.2756454050540924","0.5745417475700378,0.2576776146888733,-0.11133760213851929","0.4658493399620056,0.23767200112342834,0.021235914900898933","0.6056118607521057,0.517360270023346,-0.13668906688690186","0.49062100052833557,0.5766372680664062,-0.46444544196128845","0.21211190521717072,0.4401387870311737,-0.7601321339607239","0.6016761064529419,1.3545639514923096,-0.03458606079220772","0.6016761064529419,1.3545639514923096,-0.03458606079220772"
0.25,0.0,"0.5362368822097778,0.29143065214157104,-0.24540939927101135","0.5788470506668091,0.2778629660606384,-0.07206811010837555","0.4720291197299957,0.25650453567504883,0.04470411315560341","0.6074190139770508,0.5300120711326599,-0.10906217992305756","0.5158827900886536,0.584367036819458,-0.5405654311180115","0.22864389419555664,0.45946672558784485,-0.8538981676101685","0.6106507778167725,1.354472041130066,-0.030849600210785866","0.6106507778167725,1.354472041130066,-0.030849600210785866"
0.25,0.0,"0.5405679941177368,0.3017362654209137,-0.03739570826292038","0.5840201377868652,0.29177892208099365,0.21943187713623047","0.47647204995155334,0.265733927488327,0.2336966097354889","0.6102290153503418,0.5437195301055908,0.09477610886096954","0.5351265668869019,0.5922824144363403,-0.33111244440078735","0.2541983127593994,0.4674466550350189,-0.6557849645614624","0.6189287304878235,1.3606261014938354,-0.007516457233577967","0.6189287304878235,1.3606261014938354,-0.007516457233577967"
0.25,0.0,"0.5447229146957397,0.30545440316200256,-0.10059024393558502","0.5884202718734741,0.2970898449420929,0.18677012622356415","0.48314061760902405,0.2709340751171112,0.1911865770816803","0.6157323122024536,0.5467491149902344,0.05240759253501892","0.555323600769043,0.5958657264709473,-0.3800867795944214","0.27564239501953125,0.46909552812576294,-0.7210996150970459","0.6267895102500916,1.3592865467071533,0.005174088291823864","0.6267895102500916,1.3592865467071533,0.005174088291823864"
0.25,0.0,"0.548456072807312,0.30890175700187683,-0.14248158037662506","0.5903288125991821,0.3009209632873535,0.14580345153808594","0.48520320653915405,0.27829915285110474,0.1726459264755249","0.614251434803009,0.550140917301178,-0.05116944760084152","0.5539294481277466,0.5949228405952454,-0.6727684736251831","0.2853700518608093,0.4670960009098053,-1.1140806674957275","0.6315715312957764,1.3524932861328125,0.004011721350252628","0.6315715312957764,1.3524932861328125,0.004011721350252628"
0.25,0.0,"0.5465668439865112,0.30979257822036743,0.008928269147872925","0.5925382375717163,0.3038109540939331,0.3531509041786194","0.48683539032936096,0.2808385193347931,0.30863112211227417","0.6129412651062012,0.5499853491783142,0.21660029888153076","0.5585983395576477,0.5938966274261475,-0.3899276554584503","0.294633150100708,0.4656241536140442,-0.8633507490158081","0.6246060132980347,1.3491156101226807,0.035450320690870285","0.6246060132980347,1.3491156101226807,0.035450320690870285"
0.25,0.0,"0.5459548234939575,0.31267601251602173,-0.07126180827617645","0.591286301612854,0.30924907326698303,0.248957559466362","0.4868568480014801,0.2832476496696472,0.22507917881011963","0.611234724521637,0.552931547164917,0.12627007067203522","0.5573952198028564,0.5931494235992432,-0.4312071204185486","0.29771748185157776,0.46471482515335083,-0.8744733929634094","0.6192295551300049,1.34615159034729,0.033022888004779816","0.6192295551300049,1.34615159034729,0.033022888004779816"
0.25,0.0,"0.5449861288070679,0.3183368444442749,-0.07630708068609238","0.5905349254608154,0.31464141607284546,0.23487046360969543","0.48562949895858765,0.2860785722732544,0.21395766735076904","0.6096396446228027,0.5586622953414917,0.09621135890483856","0.559212327003479,0.5951777100563049,-0.46832624077796936","0.2997354567050934,0.4638962745666504,-0.9121087789535522","0.6158826351165771,1.3472882509231567,0.03165934979915619","0.6158826351165771,1.3472882509231567,0.03165934979915619"
0.25,0.0,"0.5454559922218323,0.3195076286792755,-0.08504786342382431","0.5911082029342651,0.3148127794265747,0.2158992737531662","0.48622187972068787,0.2852018475532532,0.19809383153915405","0.6085122227668762,0.5584880113601685,0.08170443028211594","0.5580722093582153,0.5947049260139465,-0.5093938708305359","0.3019479513168335,0.46334731578826904,-0.9876928329467773","0.6147960424423218,1.347995638847351,0.03195544704794884","0.6147960424423218,1.347995638847351,0.03195544704794884"
0.25,0.0,"0.5436647534370422,0.3209855556488037,-0.04876096546649933","0.5901262760162354,0.3166031241416931,0.2758004665374756","0.48458823561668396,0.286103755235672,0.2522425651550293","0.6076485514640808,0.5609196424484253,0.15429072082042694","0.5576900243759155,0.5911379456520081,-0.39199960231781006","0.30023977160453796,0.4616760313510895,-0.8562647700309753","0.6137131452560425,1.351902723312378,0.032750509679317474","0.6137131452560425,1.351902723312378,0.032750509679317474"
0.25,0.0,"0.5425390005111694,0.3207981586456299,-0.048416223376989365","0.5917887687683105,0.31537187099456787,0.288085401058197","0.4833115041255951,0.2859851121902466,0.25787919759750366","0.6078580617904663,0.5606775879859924,0.1668877750635147","0.5559585094451904,0.5909842252731323,-0.38875430822372437","0.2998732328414917,0.45931485295295715,-0.8304691314697266","0.6126366853713989,1.3518693447113037,0.03456154465675354","0.6126366853713989,1.3518693447113037,0.03456154465675354"
0.25,0.0,"0.545188844203949,0.3201698064804077,-0.053071461617946625","0.5928046703338623,0.3144280016422272,0.2647874355316162","0.4837687909603119,0.2854604423046112,0.2553817629814148","0.6084115505218506,0.5596076250076294,0.149296373128891","0.5571802258491516,0.5909185409545898,-0.3430984318256378","0.2987077832221985,0.4556924104690552,-0.7281827926635742","0.6136513948440552,1.3474466800689697,0.041269756853580475","0.6136513948440552,1.3474466800689697,0.041269756853580475"
0.25,0.0,"0.5452031493186951,0.31972062587738037,-0.0650404840707779","0.5927990674972534,0.3137355446815491,0.25362497568130493","0.4840754568576813,0.28522777557373047,0.23648443818092346","0.6085274815559387,0.5590434670448303,0.14255228638648987","0.5540834069252014,0.5896428227424622,-0.3509407639503479","0.29778963327407837,0.4532873034477234,-0.7588303685188293","0.6137885451316833,1.3463016748428345,0.040707241743803024","0.6137885451316833,1.3463016748428345,0.040707241743803024"
0.25,0.0,"0.545024037361145,0.319845974445343,-0.09506063163280487","0.5938596725463867,0.3132132291793823,0.24739548563957214","0.4844887852668762,0.2850125730037689,0.23311784863471985","0.6096509099006653,0.5582374334335327,0.13884158432483673","0.5536471009254456,0.5895339250564575,-0.37610334157943726","0.2976098954677582,0.45296016335487366,-0.7620599865913391","0.6145438551902771,1.349083662033081,0.04015599936246872","0.6145438551902771,1.349083662033081,0.04015599936246872"
0.25,0.0,"0.5448341369628906,0.3204505443572998,-0.07227913290262222","0.593818187713623,0.31375426054000854,0.2836720645427704","0.4842124581336975,0.28496357798576355,0.24834707379341125","0.6094608902931213,0.5579336881637573,0.18093864619731903","0.553584635257721,0.5894697308540344,-0.34408801794052124","0.29880186915397644,0.45288586616516113,-0.7871310114860535","0.6175558567047119,1.34492027759552,0.039315737783908844","0.6175558567047119,1.34492027759552,0.039315737783908844"
0.25,0.0,"0.5443472266197205,0.3203520178794861,-0.11970893293619156","0.5939159989356995,0.313602089881897,0.2374497652053833","0.48395055532455444,0.28481656312942505,0.22606980800628662","0.6093193292617798,0.5578279495239258,0.17262564599514008","0.5530270338058472,0.5894008278846741,-0.31601682305336","0.2985228896141052,0.45287540555000305,-0.703831672668457","0.6171315908432007,1.3384113311767578,0.023736348375678062","0.6171315908432007,1.3384113311767578,0.023736348375678062"
0.5,0.0,"0.5504150986671448,0.24785567820072174,-0.2894356846809387","0.5925673246383667,0.2159712314605713,-0.002712798770517111","0.4812154769897461,0.23694927990436554,0.034569863229990005","0.6286840438842773,0.4793587028980255,-0.14328882098197937","0.4807977080345154,0.5815228223800659,-0.4644353985786438","0.19689211249351501,0.5392342805862427,-0.7167457938194275","0.613345742225647,1.270520567893982,-0.06475014239549637","0.613345742225647,1.270520567893982,-0.06475014239549637"
0.5,0.0,"0.5501474738121033,0.22265513241291046,-0.29688525199890137","0.5911974310874939,0.19048377871513367,-0.010880758985877037","0.47515803575515747,0.20649082958698273,0.002103452105075121","0.6317099928855896,0.4809160828590393,-0.1413125842809677","0.47590088844299316,0.5778499245643616,-0.4791393280029297","0.16645027697086334,0.5949399471282959,-0.7455424070358276","0.6163020133972168,1.2568446397781372,-0.05136682838201523","0.6163020133972168,1.2568446397781372,-0.05136682838201523"
0.5,0.0,"0.5498424172401428,0.22966057062149048,-0.24291011691093445","0.5869888067245483,0.19994103908538818,0.06545884907245636","0.4695900082588196,0.1975776106119156,0.06583268940448761","0.6319253444671631,0.4757382571697235,-0.05486707761883736","0.4698648452758789,0.5779264569282532,-0.3768138885498047","0.15771600604057312,0.6085540652275085,-0.6282809972763062","0.6158183217048645,1.2113887071609497,-0.04431900754570961","0.6158183217048645,1.2113887071609497,-0.04431900754570961"
0.5,0.0,"0.5494993329048157,0.22409263253211975,-0.13342896103858948","0.5843958854675293,0.19815486669540405,0.13189370930194855","0.46737176179885864,0.1979907602071762,0.1513064205646515","0.6323121190071106,0.47139105200767517,-0.022195829078555107","0.452584832906723,0.5779628157615662,-0.3433297276496887","0.1511700451374054,0.6186425685882568,-0.554436445236206","0.6020456552505493,1.2337777614593506,-0.03817541524767876","0.6020456552505493,1.2337777614593506,-0.03817541524767876"
0.5,0.0,"0.5492361187934875,0.22273676097393036,-0.24225834012031555","0.5829955339431763,0.19808213412761688,-0.006793969310820103","0.4648516774177551,0.18371929228305817,-0.005007125437259674","0.6316183805465698,0.47731298208236694,-0.10280562937259674","0.4550635814666748,0.579501748085022,-0.357088178396225","0.15374606847763062,0.6140740513801575,-0.5696004629135132","0.5964526534080505,1.2403055429458618,-0.037153810262680054","0.5964526534080505,1.2403055429458618,-0.037153810262680054"
0.5,0.0,"0.5490044951438904,0.22900469601154327,-0.4359593987464905","0.5825639963150024,0.20343053340911865,-0.1885426789522171","0.46431827545166016,0.19165822863578796,-0.190462127327919","0.6311007142066956,0.478437215089798,-0.25476714968681335","0.4478278160095215,0.5795567035675049,-0.5430321097373962","0.14802417159080505,0.6039342880249023,-0.6872331500053406","0.5971758961677551,1.2436288595199585,-0.028175825253129005","0.5971758961677551,1.2436288595199585,-0.028175825253129005"
0.5,0.0,"0.5483477711677551,0.23004260659217834,-0.3531152307987213","0.5824549198150635,0.2060708850622177,-0.0948886126279831","0.4644344747066498,0.19825111329555511,-0.08197490870952606","0.6308308839797974,0.47903934121131897,-0.17095616459846497","0.44931674003601074,0.579688549041748,-0.48801589012145996","0.15046682953834534,0.5995400547981262,-0.6678521037101746","0.5989080667495728,1.2529687881469727,-0.02671138383448124","0.5989080667495728,1.2529687881469727,-0.02671138383448124"
0.5,0.0,"0.546654224395752,0.2428330034017563,-0.40030550956726074","0.5825466513633728,0.21694067120552063,-0.1238536462187767","0.46644967794418335,0.21843208372592926,-0.09945473819971085","0.6314460039138794,0.48169705271720886,-0.2055627554655075","0.45372939109802246,0.5797103047370911,-0.5113397836685181","0.14873619377613068,0.5955183506011963,-0.674081027507782","0.5991275906562805,1.257853388786316,-0.026267116889357567","0.5991275906562805,1.257853388786316,-0.026267116889357567"
0.5,0.0,"0.5453240275382996,0.26405471563339233,-0.39355239272117615","0.582581102848053,0.23450952768325806,-0.06873786449432373","0.469879686832428,0.2349930852651596,-0.05579214170575142","0.6329855918884277,0.4834761619567871,-0.1574825495481491","0.45607790350914,0.5786077380180359,-0.4054560661315918","0.15289409458637238,0.5822201371192932,-0.5734152793884277","0.6031619906425476,1.2632168531417847,-0.009338827803730965","0.6031619906425476,1.2632168531417847,-0.009338827803730965"
0.5,0.0,"0.5456153750419617,0.27727678418159485,-0.3316878378391266","0.5830695033073425,0.2436983585357666,-0.0658896341919899","0.47344130277633667,0.24537938833236694,-0.04268127679824829","0.6346712112426758,0.4844116270542145,-0.1463542878627777","0.4575135111808777,0.5776724219322205,-0.3990098536014557","0.15499350428581238,0.5632141828536987,-0.4886840283870697","0.6026291251182556,1.2602927684783936,-0.009410630911588669","0.6026291251182556,1.2602927684783936,-0.009410630911588669"
0.5,0.0,"0.5452650785446167,0.2851217985153198,-0.3441687226295471","0.5837884545326233,0.2522396147251129,-0.13326379656791687","0.4757259488105774,0.2545194923877716,-0.10033981502056122","0.6343241930007935,0.4849725365638733,-0.20221857726573944","0.4577154517173767,0.578098714351654,-0.4399922490119934","0.15791405737400055,0.5601724982261658,-0.5242995023727417","0.6021475791931152,1.2585432529449463,-0.010308945551514626","0.6021475791931152,1.2585432529449463,-0.010308945551514626"
0.5,0.0,"0.5456489324569702,0.2915419638156891,-0.3487868905067444","0.5843065977096558,0.26423653960227966,-0.12854468822479248","0.4767894148826599,0.26044321060180664,-0.10268910974264145","0.6341685652732849,0.4925529360771179,-0.22847142815589905","0.45953136682510376,0.5777448415756226,-0.5145934820175171","0.1582958996295929,0.5557480454444885,-0.6437921524047852","0.6021131277084351,1.2714064121246338,-0.012677012011408806","0.6021131277084351,1.2714064121246338,-0.012677012011408806"
0.5,0.0,"0.5454133749008179,0.29441389441490173,-0.4222885072231293","0.5864992141723633,0.2692781388759613,-0.19886265695095062","0.47736865282058716,0.263155996799469,-0.14478471875190735","0.6339887380599976,0.5028114914894104,-0.29201868176460266","0.460794597864151,0.5727171897888184,-0.6128689646720886","0.1578514128923416,0.5470848083496094,-0.7680773735046387","0.5994024276733398,1.2915618419647217,-0.01952860690653324","0.5994024276733398,1.2915618419647217,-0.01952860690653324"
0.5,0.0,"0.5456916093826294,0.2965399920940399,-0.37967410683631897","0.5876396894454956,0.27202388644218445,-0.14735540747642517","0.4788509011268616,0.2677804231643677,-0.1286548674106598","0.6344596743583679,0.506310760974884,-0.23961420357227325","0.46183156967163086,0.5723293423652649,-0.5473983883857727","0.16474714875221252,0.5380136370658875,-0.7149829268455505","0.599457323551178,1.2969679832458496,-0.022000372409820557","0.599457323551178,1.2969679832458496,-0.022000372409820557"
0.5,0.0,"0.5478204488754272,0.3005737066268921,-0.46295276284217834","0.5899372696876526,0.2720608115196228,-0.22803278267383575","0.4815753996372223,0.2729604244232178,-0.17623460292816162","0.6344236135482788,0.5080900192260742,-0.3127889037132263","0.4620586931705475,0.5700376033782959,-0.5889964699745178","0.16482415795326233,0.5301405787467957,-0.7233681678771973","0.5995396375656128,1.2959309816360474,-0.034169502556324005","0.5995396375656128,1.2959309816360474,-0.034169502556324005"
0.5,0.0,"0.5480787754058838,0.3042263984680176,-0.4208311140537262","0.5906372666358948,0.28160277009010315,-0.1920795887708664","0.48390474915504456,0.2733035087585449,-0.14046046137809753","0.6347065567970276,0.5145553350448608,-0.2820601165294647","0.46223369240760803,0.5620549917221069,-0.5600746273994446","0.1673979014158249,0.5164481401443481,-0.7063905000686646","0.5993896126747131,1.3067677021026611,-0.0329047329723835","0.5993896126747131,1.3067677021026611,-0.0329047329723835"
0.5,0.0,"0.555507481098175,0.30873903632164,-0.47394269704818726","0.5956586003303528,0.28591442108154297,-0.2524835467338562","0.49045342206954956,0.2755592465400696,-0.21299657225608826","0.634762167930603,0.5161489844322205,-0.33105096220970154","0.4640223979949951,0.5615319609642029,-0.5875855684280396","0.1676107794046402,0.5131704807281494,-0.7250190377235413","0.5962420701980591,1.3068338632583618,-0.03200579434633255","0.5962420701980591,1.3068338632583618,-0.03200579434633255"
0.5,0.0,"0.5581099390983582,0.31375178694725037,-0.44469887018203735","0.5963640809059143,0.2938670814037323,-0.21351537108421326","0.4936898350715637,0.2781497836112976,-0.17498323321342468","0.6347814202308655,0.5195172429084778,-0.30502861738204956","0.464176744222641,0.5615093111991882,-0.5304374694824219","0.1701706200838089,0.507645308971405,-0.5879137516021729","0.598247230052948,1.2833991050720215,-0.04888883978128433","0.598247230052948,1.2833991050720215,-0.04888883978128433"
0.5,0.0,"0.5612105131149292,0.3157162070274353,-0.4076749384403229","0.5985727310180664,0.2946099042892456,-0.19627541303634644","0.49724143743515015,0.2789912819862366,-0.15785162150859833","0.6347574591636658,0.5189745426177979,-0.2882983088493347","0.46548551321029663,0.5616707801818848,-0.4553492069244385","0.17010803520679474,0.5036636590957642,-0.4979099631309509","0.5990877747535706,1.238405466079712,-0.04528692364692688","0.5990877747535706,1.238405466079712,-0.04528692364692688"
0.5,0.0,"0.561275839805603,0.3152206242084503,-0.36868590116500854","0.599879801273346,0.2945571541786194,-0.18536429107189178","0.4981553554534912,0.27884024381637573,-0.15538254380226135","0.6354284286499023,0.5179473161697388,-0.2693029046058655","0.47712641954421997,0.5613320469856262,-0.4608779549598694","0.17029739916324615,0.5031062364578247,-0.5521383881568909","0.599378228187561,1.2464008331298828,-0.02536652982234955","0.599378228187561,1.2464008331298828,-0.02536652982234955"
0.5,0.0,"0.5608291029930115,0.3160223364830017,-0.47673168778419495","0.5996983647346497,0.29577428102493286,-0.2696170210838318","0.4981958866119385,0.278394877910614,-0.23435091972351074","0.6352674961090088,0.5194123387336731,-0.34240981936454773","0.476978063583374,0.5594596862792969,-0.5324515104293823","0.1705758273601532,0.5016306638717651,-0.5535416603088379","0.5985203981399536,1.2496942281723022,-0.02516944706439972","0.5985203981399536,1.2496942281723022,-0.02516944706439972"
0.5,0.0,"0.5604943037033081,0.31806859374046326,-0.4965275824069977","0.6001508831977844,0.29724353551864624,-0.2812368869781494","0.49895891547203064,0.2788286805152893,-0.2395416796207428","0.6348646283149719,0.5189071893692017,-0.3504078984260559","0.4748292565345764,0.5594449639320374,-0.529060959815979","0.17068837583065033,0.5004618763923645,-0.5580908060073853","0.5982806086540222,1.24049973487854,-0.03152955323457718","0.5982806086540222,1.24049973487854,-0.03152955323457718"
0.5,0.0,"0.5604302287101746,0.31968140602111816,-0.4727610647678375","0.5992525815963745,0.29704082012176514,-0.26965469121932983","0.4986000657081604,0.2796597480773926,-0.23675918579101562","0.6348239183425903,0.5187666416168213,-0.32758408784866333","0.4736096262931824,0.5595048666000366,-0.4995262026786804","0.17139509320259094,0.5004565715789795,-0.5488461852073669","0.5983883738517761,1.2404364347457886,-0.027789315208792686","0.5983883738517761,1.2404364347457886,-0.027789315208792686"
